chromo,strand,start,end,count,alt3,alt5,alt3+5,skip,constitLevel,inclLevel,5usageLevel,genename
chr1,-,945056,945146,45,0,29,0,0,0.608,1.000,0.608,NOC2L
chr1,+,964106,964167,6,0,6,0,0,0.500,1.000,0.500,KLHL17
chr1,-,1339361,1339439,39,0,14,0,0,0.736,1.000,0.736,DVL1
chr1,-,1787321,1787437,157,0,7,0,0,0.957,1.000,0.957,GNB1
chr1,-,1793244,1793311,228,0,7,0,0,0.970,1.000,0.970,GNB1
chr1,-,2408451,2408858,48,0,4,0,0,0.923,1.000,0.923,PEX10
chr1,-,3892882,3892996,36,0,4,0,0,0.900,1.000,0.900,C1orf174
chr1,+,7810437,7810588,7,0,4,0,0,0.636,1.000,0.636,PER3
chr1,-,11091492,11091597,640,0,4,0,0,0.994,1.000,0.994,EXOSC10
chr1,-,11676847,11676948,118,0,4,0,0,0.967,1.000,0.967,MAD2L2
chr1,+,11748414,11748610,80,0,24,0,0,0.769,1.000,0.769,AGTRAP
chr1,+,13614299,13614411,47,0,17,0,0,0.734,1.000,0.734,PDPN
chr1,+,15758173,15758329,19,0,15,0,0,0.559,1.000,0.559,FBLIM1
chr1,+,16053638,16053690,6,0,5,0,0,0.545,1.000,0.545,CLCNKB
chr1,+,16646979,16647112,5,0,5,0,0,0.500,1.000,0.500,onlyEST
chr1,-,20655439,20655534,340,0,49,0,0,0.874,1.000,0.874,DDOST
chr1,-,20656100,20656187,841,0,6,0,0,0.993,1.000,0.993,DDOST
chr1,+,24654854,24655129,21,0,9,0,0,0.700,1.000,0.700,SRRM1
chr1,+,26183345,26183414,20,0,8,0,0,0.714,1.000,0.714,CNKSR1
chr1,+,27334150,27334281,149,0,4,0,0,0.974,1.000,0.974,TMEM222
chr1,+,28508829,28508905,14,0,5,0,0,0.737,1.000,0.737,RCC1
chr1,+,28738258,28738338,530,0,5,0,0,0.991,1.000,0.991,YTHDF2
chr1,-,30950126,30950261,22,0,22,0,0,0.500,1.000,0.500,PUM1
chr1,+,32156852,32156945,185,0,6,0,0,0.969,1.000,0.969,KPNA6
chr1,-,37997683,37997870,55,0,4,0,0,0.932,1.000,0.932,FHL3
chr1,-,39564422,39564542,39,0,29,0,0,0.574,1.000,0.574,PABPC4
chr1,-,42747271,42747412,34,0,6,0,0,0.850,1.000,0.850,P3H1
chr1,-,43171885,43171969,358,0,9,0,0,0.975,1.000,0.975,EBNA1BP2
chr1,-,43451427,43451544,16,0,11,0,0,0.593,1.000,0.593,HYI
chr1,-,43453385,43453497,13,0,9,0,0,0.591,1.000,0.591,HYI
chr1,+,43970595,43970708,184,0,5,0,0,0.974,1.000,0.974,DPH2
chr1,+,43976089,43976173,275,0,6,0,0,0.979,1.000,0.979,ATP6V0B
chr1,+,44635544,44635588,82,0,43,0,0,0.656,1.000,0.656,RNF220
chr1,+,44776674,44776774,2343,0,24,0,0,0.990,1.000,0.990,RPS8
chr1,+,44777613,44777789,2196,0,6,0,0,0.997,1.000,0.997,RPS8
chr1,-,46935522,46935647,22,0,4,0,0,0.846,1.000,0.846,CYP4A11
chr1,-,50705785,50705891,58,0,5,0,0,0.921,1.000,0.921,FAF1
chr1,+,52405679,52405839,91,0,14,0,0,0.867,1.000,0.867,PRPF38A
chr1,+,74199663,74199831,146,0,16,0,0,0.901,1.000,0.901,"FPGT-TNNI3K,FPGT"
chr1,+,90005002,90005038,33,0,8,0,0,0.805,1.000,0.805,ZNF326
chr1,+,94827506,94827643,37,0,9,0,0,0.804,1.000,0.804,SLC44A3
chr1,+,96723563,96723594,189,0,6,0,0,0.969,1.000,0.969,PTBP2
chr1,-,98914785,98914920,7,0,5,0,0,0.583,1.000,0.583,PLPPR5
chr1,-,100265814,100265917,4,0,4,0,0,0.500,1.000,0.500,RTCA-AS1
chr1,+,108695701,108695770,32,0,5,0,0,0.865,1.000,0.865,PRPF38B
chr1,-,114719578,114719742,181,0,8,0,0,0.958,1.000,0.958,CSDE1
chr1,+,117933287,117933490,19,0,5,0,0,0.792,1.000,0.792,WDR3
chr1,-,150266532,150266656,32,0,7,0,0,0.821,1.000,0.821,APH1A
chr1,+,151266003,151266112,148,0,15,0,0,0.908,1.000,0.908,PSMD4
chr1,-,151346204,151346333,263,0,4,0,0,0.985,1.000,0.985,RFX5
chr1,-,151346488,151346606,215,0,33,0,0,0.867,1.000,0.867,RFX5
chr1,-,151762104,151762155,151,0,4,0,0,0.974,1.000,0.974,MRPL9
chr1,-,153667999,153668077,764,0,7,0,0,0.991,1.000,0.991,ILF2
chr1,-,154601040,154602626,12,0,8,0,0,0.600,1.000,0.600,ADAR
chr1,-,155203085,155203137,30,0,4,0,0,0.882,1.000,0.882,THBS3
chr1,-,155206199,155206406,109,0,4,0,0,0.965,1.000,0.965,THBS3
chr1,-,155251501,155251601,34,0,4,0,0,0.895,1.000,0.895,FAM189B
chr1,+,155318168,155318291,694,0,5,0,0,0.993,1.000,0.993,FDPS
chr1,-,155950298,155950482,22,0,5,0,0,0.815,1.000,0.815,ARHGEF2
chr1,-,157802376,157802664,10,0,6,0,0,0.625,1.000,0.625,FCRL1
chr1,+,158355826,158356105,16,0,14,0,0,0.533,1.000,0.533,CD1E
chr1,-,161042554,161042670,38,0,6,0,0,0.864,1.000,0.864,USF1
chr1,+,166991377,166991477,246,0,17,0,0,0.935,1.000,0.935,MAEL
chr1,+,171107674,171107837,39,0,6,0,0,0.867,1.000,0.867,FMO3
chr1,+,171514535,171514645,27,0,9,0,0,0.750,1.000,0.750,PRRC2C
chr1,+,171584418,171584526,30,0,5,0,0,0.857,1.000,0.857,PRRC2C
chr1,+,171783739,171784499,13,0,5,0,0,0.722,1.000,0.722,METTL13
chr1,-,173911798,173912014,24,0,8,0,0,0.750,1.000,0.750,SERPINC1
chr1,+,174219124,174219295,31,0,8,0,0,0.795,1.000,0.795,RABGAP1L
chr1,+,183542075,183542364,14,0,6,0,0,0.700,1.000,0.700,SMG7
chr1,-,201153857,201153959,254,0,11,0,0,0.958,1.000,0.958,TMEM9
chr1,-,201417782,201417812,225,0,12,0,0,0.949,1.000,0.949,TNNI1
chr1,-,203223494,203223660,221,0,11,0,0,0.953,1.000,0.953,CHIT1
chr1,-,205094872,205095064,16,0,6,0,0,0.727,1.000,0.727,RBBP5
chr1,-,206608235,206608326,95,0,12,0,0,0.888,1.000,0.888,EIF2D
chr1,-,224431476,224431581,36,0,23,0,0,0.610,1.000,0.610,WDR26
chr1,-,229432555,229432880,52,0,6,0,0,0.897,1.000,0.897,ACTA1
chr1,-,242348105,242348242,14,0,5,0,0,0.737,1.000,0.737,PLD5
chr1,-,243142315,243142463,18,0,13,0,0,0.581,1.000,0.581,CEP170
chr2,+,6883370,6883532,60,0,4,0,0,0.938,1.000,0.938,RSAD2
chr2,+,11160624,11160694,89,0,4,0,0,0.957,1.000,0.957,PQLC3
chr2,-,20258242,20258371,28,0,9,0,0,0.757,1.000,0.757,PUM2
chr2,+,27024095,27024297,29,0,10,0,0,0.744,1.000,0.744,MAPRE3
chr2,-,27132602,27132727,60,0,5,0,0,0.923,1.000,0.923,PREB
chr2,+,27374084,27374175,298,0,4,0,0,0.987,1.000,0.987,SNX17
chr2,+,37241577,37241791,22,0,21,0,0,0.512,1.000,0.512,NDUFAF7
chr2,-,49943703,49943791,42,0,24,0,0,0.636,1.000,0.636,NRXN1
chr2,+,53771906,53771942,42,0,4,0,0,0.913,1.000,0.913,CHAC2
chr2,-,54973562,54973621,278,0,5,0,0,0.982,1.000,0.982,RTN4
chr2,-,70288067,70288192,302,0,4,0,0,0.987,1.000,0.987,SNRPG
chr2,+,74483321,74483410,107,0,6,0,0,0.947,1.000,0.947,TTC31
chr2,+,74491480,74491666,8,0,7,0,0,0.533,1.000,0.533,TTC31
chr2,-,85327441,85327685,2,0,4,0,0,0.333,1.000,0.333,TGOLN2
chr2,+,85541082,85541160,1593,0,4,0,0,0.997,1.000,0.997,MAT2A
chr2,+,85541254,85541377,1551,0,12,0,0,0.992,1.000,0.992,MAT2A
chr2,+,95277363,95277566,9,0,4,0,0,0.692,1.000,0.692,PROM2
chr2,-,96275256,96275349,82,0,4,0,0,0.953,1.000,0.953,SNRNP200
chr2,+,101005958,101006071,1993,0,5,0,0,0.997,1.000,0.997,RPL31
chr2,+,101887087,101887237,24,0,6,0,0,0.800,1.000,0.800,MAP4K4
chr2,+,130344628,130344712,356,0,6,0,0,0.983,1.000,0.983,IMP4
chr2,-,135227811,135228015,6,0,5,0,0,0.545,1.000,0.545,ZRANB3
chr2,+,158620989,158621121,24,0,9,0,0,0.727,1.000,0.727,PKP4
chr2,-,159337566,159337772,7,0,4,0,0,0.636,1.000,0.636,BAZ2B
chr2,-,160286968,160287084,36,0,18,0,0,0.667,1.000,0.667,RBMS1
chr2,-,162145539,162145677,1843,0,5,0,0,0.997,1.000,0.997,GCG
chr2,+,177216675,177216771,27,0,4,0,0,0.871,1.000,0.871,HNRNPA3
chr2,-,177234004,177234271,330,0,4,0,0,0.988,1.000,0.988,NFE2L2
chr2,+,178460347,178460446,12,0,4,0,0,0.750,1.000,0.750,DFNB59
chr2,-,189100106,189100139,45,0,4,0,0,0.918,1.000,0.918,COL5A2
chr2,-,200504747,200504959,25,0,4,0,0,0.862,1.000,0.862,KCTD18
chr2,+,205766782,205766803,56,0,13,0,0,0.812,1.000,0.812,NRP2
chr2,-,218562672,218562813,20,0,5,0,0,0.800,1.000,0.800,USP37
chr2,+,218747596,218747725,35,0,4,0,0,0.897,1.000,0.897,TTLL4
chr2,-,219173349,219173467,62,0,4,0,0,0.939,1.000,0.939,CNPPD1
chr2,+,219180669,219180754,54,0,4,0,0,0.931,1.000,0.931,FAM134A
chr2,-,219223868,219224022,34,0,4,0,0,0.895,1.000,0.895,ATG9A
chr2,+,219443107,219443150,22,0,4,0,0,0.846,1.000,0.846,SPEG
chr2,-,237585997,237586157,33,0,18,0,0,0.647,1.000,0.647,RAB17
chr2,-,238194804,238194870,59,0,11,0,0,0.843,1.000,0.843,ILKAP
chr2,+,241668142,241668221,108,0,10,0,0,0.915,1.000,0.915,ATG4B
chr3,+,9742024,9742153,15,0,7,0,0,0.682,1.000,0.682,BRPF1
chr3,+,9923880,9924020,39,0,6,0,0,0.867,1.000,0.867,IL17RC
chr3,-,10023559,10023747,18,0,6,0,0,0.750,1.000,0.750,onlyEST
chr3,+,10278884,10279034,18,0,4,0,0,0.818,1.000,0.818,"TATDN2,RP11-438J1.1"
chr3,-,15455898,15456019,10,0,7,0,0,0.588,1.000,0.588,COLQ
chr3,+,23918439,23918576,4870,0,5,0,0,0.999,1.000,0.999,RPL15
chr3,-,27433915,27434104,18,0,5,0,0,0.783,1.000,0.783,SLC4A7
chr3,+,33297663,33297725,112,0,4,0,0,0.966,1.000,0.966,FBXL2
chr3,-,48600974,48601118,168,0,8,0,0,0.955,1.000,0.955,UQCRC1
chr3,-,49026686,49026886,298,0,30,0,0,0.909,1.000,0.909,IMPDH2
chr3,-,49101827,49101899,271,0,4,0,0,0.985,1.000,0.985,QARS
chr3,-,50326356,50326477,115,0,9,0,0,0.927,1.000,0.927,TUSC2
chr3,-,50349930,50350022,106,0,5,0,0,0.955,1.000,0.955,NPRL2
chr3,-,52231126,52231231,211,0,8,0,0,0.963,1.000,0.963,TWF2
chr3,+,52688108,52688192,400,0,16,0,0,0.962,1.000,0.962,GNL3
chr3,-,69012514,69012799,13,0,5,0,0,0.722,1.000,0.722,EOGT
chr3,+,100736575,100736716,60,0,17,0,0,0.779,1.000,0.779,TFG
chr3,+,113216186,113216274,38,0,25,0,0,0.603,1.000,0.603,BOC
chr3,+,119608769,119608947,40,0,6,0,0,0.870,1.000,0.870,PLA1A
chr3,-,121669211,121669355,23,0,7,0,0,0.767,1.000,0.767,GOLGB1
chr3,+,124395134,124395343,32,0,16,0,0,0.667,1.000,0.667,KALRN
chr3,-,125323308,125323444,36,0,5,0,0,0.878,1.000,0.878,ZNF148
chr3,+,128902552,128902628,40,0,9,0,0,0.816,1.000,0.816,ACAD9
chr3,+,133764181,133764275,107,0,6,0,0,0.947,1.000,0.947,TF
chr3,+,134495295,134495364,73,0,5,0,0,0.936,1.000,0.936,CEP63
chr3,+,141586645,141586752,8,0,7,0,0,0.533,1.000,0.533,RASA2
chr3,+,143021349,143021385,15,0,14,0,0,0.517,1.000,0.517,U2SURP
chr3,+,148996741,148996904,104,0,7,0,0,0.937,1.000,0.937,GYG1
chr3,+,161224929,161225064,247,0,6,0,0,0.976,1.000,0.976,NMD3
chr3,+,174275314,174275527,13,0,4,0,0,0.765,1.000,0.765,NLGN1
chr3,+,179574369,179574467,180,0,5,0,0,0.973,1.000,0.973,ACTL6A
chr3,+,186786163,186786273,887,0,5,0,0,0.994,1.000,0.994,EIF4A2
chr3,+,189868579,189868716,37,0,6,0,0,0.860,1.000,0.860,TP63
chr3,-,195769021,195769152,26,0,4,0,0,0.867,1.000,0.867,MUC4
chr3,-,196939250,196939432,468,0,16,0,0,0.967,1.000,0.967,NCBP2
chr4,+,1311978,1312161,1069,0,13,0,0,0.988,1.000,0.988,MAEA
chr4,-,2939526,2939645,21,0,4,0,0,0.840,1.000,0.840,NOP14
chr4,-,10084440,10084530,120,0,10,0,0,0.923,1.000,0.923,WDR1
chr4,+,20488818,20488982,5,0,5,0,0,0.500,1.000,0.500,SLIT2
chr4,+,25405572,25405619,8,0,5,0,0,0.615,1.000,0.615,ANAPC4
chr4,-,39457585,39457681,4221,0,4,0,0,0.999,1.000,0.999,RPL9
chr4,-,47456576,47456729,92,0,5,0,0,0.948,1.000,0.948,COMMD8
chr4,+,48851805,48851975,107,0,6,0,0,0.947,1.000,0.947,OCIAD1
chr4,+,54725856,54726038,7,0,5,0,0,0.583,1.000,0.583,KIT
chr4,-,75508819,75508935,101,0,8,0,0,0.927,1.000,0.927,RCHY1
chr4,-,82496067,82496195,87,0,4,0,0,0.956,1.000,0.956,TMEM150C
chr4,-,82984823,82984876,8,0,4,0,0,0.667,1.000,0.667,LIN54
chr4,+,87976881,87976949,1616,0,6,0,0,0.996,1.000,0.996,SPP1
chr4,-,98887078,98887192,558,0,6,0,0,0.989,1.000,0.989,EIF4E
chr4,-,99948810,99948940,1095,0,9,0,0,0.992,1.000,0.992,H2AFZ
chr4,-,106251865,106252007,14,0,4,0,0,0.778,1.000,0.778,TBCK
chr4,+,112644667,112644871,127,0,15,0,0,0.894,1.000,0.894,LARP7
chr4,+,122334343,122334440,10,0,8,0,0,0.556,1.000,0.556,KIAA1109
chr4,-,154547010,154547064,300,0,14,0,0,0.955,1.000,0.955,PLRG1
chr4,-,173333068,173333214,395,0,4,0,0,0.990,1.000,0.990,HMGB2
chr4,-,175651833,175651987,370,0,4,0,0,0.989,1.000,0.989,GPM6A
chr4,+,183445534,183445634,38,0,35,0,0,0.521,1.000,0.521,CDKN2AIP
chr4,+,185332594,185332759,13,0,4,0,0,0.765,1.000,0.765,SNX25
chr4,-,185418586,185418770,87,0,5,0,0,0.946,1.000,0.946,UFSP2
chr5,-,1331798,1331883,74,0,6,0,0,0.925,1.000,0.925,CLPTM1L
chr5,+,31534271,31534417,58,0,9,0,0,0.866,1.000,0.866,C5orf22
chr5,+,34757467,34757598,80,0,6,0,0,0.930,1.000,0.930,RAI14
chr5,+,35694287,35694348,7,0,4,0,0,0.636,1.000,0.636,SPEF2
chr5,+,36608328,36608604,1057,0,5,0,0,0.995,1.000,0.995,SLC1A3
chr5,+,55763174,55763252,101,0,4,0,0,0.962,1.000,0.962,DDX4
chr5,-,65561462,65561564,39,0,18,0,0,0.684,1.000,0.684,CENPK
chr5,+,73504346,73504403,639,0,11,0,0,0.983,1.000,0.983,BTF3
chr5,+,86619352,86619496,724,0,4,0,0,0.995,1.000,0.995,COX7C
chr5,+,96900120,96900189,21,0,5,0,0,0.808,1.000,0.808,ERAP2
chr5,-,115253136,115253255,18,0,5,0,0,0.783,1.000,0.783,PGGT1B
chr5,-,131994030,131994251,36,0,5,0,0,0.878,1.000,0.878,ACSL6
chr5,+,133070373,133070496,49,0,4,0,0,0.925,1.000,0.925,HSPA4
chr5,+,134816429,134816606,16,0,4,0,0,0.800,1.000,0.800,DDX46
chr5,-,138201342,138201448,153,0,5,0,0,0.968,1.000,0.968,CDC23
chr5,-,138567454,138567561,181,0,7,0,0,0.963,1.000,0.963,HSPA9
chr5,-,139380564,139380632,40,0,17,0,0,0.702,1.000,0.702,SLC23A1
chr5,+,140538085,140538261,24,0,4,0,0,0.857,1.000,0.857,"ANKHD1-EIF4EBP3,ANKHD1"
chr5,+,142140562,142140629,89,0,7,0,0,0.927,1.000,0.927,NDFIP1
chr5,-,143314001,143314168,42,0,5,0,0,0.894,1.000,0.894,NR3C1
chr5,+,146055980,146056231,26,0,13,0,0,0.667,1.000,0.667,SH3RF2
chr5,-,149505446,149505595,32,0,21,0,0,0.604,1.000,0.604,CSNK1A1
chr5,-,158823175,158823317,20,0,4,0,0,0.833,1.000,0.833,EBF1
chr5,-,160785558,160785803,7,0,4,0,0,0.636,1.000,0.636,ATP10B
chr5,-,177337135,177337250,161,0,4,0,0,0.976,1.000,0.976,LMAN2
chr5,-,177337362,177337524,268,0,4,0,0,0.985,1.000,0.985,LMAN2
chr6,-,2954591,2954709,230,0,7,0,0,0.970,1.000,0.970,SERPINB6
chr6,+,3137361,3137493,27,0,4,0,0,0.871,1.000,0.871,BPHL
chr6,-,3226158,3226269,1448,0,9,0,0,0.994,1.000,0.994,TUBB2B
chr6,-,13316570,13316708,59,0,4,0,0,0.937,1.000,0.937,TBC1D7
chr6,+,30909931,30910063,132,0,11,0,0,0.923,1.000,0.923,"VARS2,GTF2H4"
chr6,+,31557627,31557849,37,0,20,0,0,0.649,1.000,0.649,NFKBIL1
chr6,+,31656471,31656626,67,0,9,0,0,0.882,1.000,0.882,APOM
chr6,-,31732216,31732398,349,0,19,0,0,0.948,1.000,0.948,CLIC1
chr6,+,34240736,34240915,1251,0,492,0,0,0.718,1.000,0.718,HMGA1
chr6,-,34247680,34247864,57,0,8,0,0,0.877,1.000,0.877,C6orf1
chr6,-,42362946,42363079,11,0,11,0,0,0.500,1.000,0.500,TRERF1
chr6,+,44253044,44253378,430,0,34,0,0,0.927,1.000,0.927,HSP90AB1
chr6,+,46655842,46656034,52,0,7,0,0,0.881,1.000,0.881,SLC25A27
chr6,-,49712500,49712604,143,0,8,0,0,0.947,1.000,0.947,CRISP2
chr6,-,56156886,56156949,8,0,4,0,0,0.667,1.000,0.667,COL21A1
chr6,+,89629111,89629238,12,0,5,0,0,0.706,1.000,0.706,ANKRD6
chr6,-,89637741,89637882,70,0,14,0,0,0.833,1.000,0.833,LYRM2
chr6,-,93269476,93269660,9,0,4,0,0,0.692,1.000,0.692,EPHA7
chr6,-,109446695,109446772,29,0,5,0,0,0.853,1.000,0.853,MICAL1
chr6,-,112189109,112189205,7,0,7,0,0,0.500,1.000,0.500,LAMA4
chr6,-,113956618,113956693,83,0,5,0,0,0.943,1.000,0.943,HDAC2
chr6,+,113991892,113992018,4,0,5,0,0,0.444,1.000,0.444,RP3-399L15.3
chr6,+,131583059,131583164,56,0,4,0,0,0.933,1.000,0.933,ARG1
chr6,-,134172661,134172774,106,0,6,0,0,0.946,1.000,0.946,SGK1
chr6,-,136990053,136990360,9,0,5,0,0,0.643,1.000,0.643,NHEG1
chr6,+,149802199,149802416,36,0,34,0,0,0.514,1.000,0.514,PCMT1
chr6,+,159797286,159797518,93,0,9,0,0,0.912,1.000,0.912,MRPL18
chr6,+,161093772,161093839,12,0,9,0,0,0.571,1.000,0.571,MAP3K4
chr7,+,5229607,5229738,34,0,23,0,0,0.596,1.000,0.596,WIPI2
chr7,+,5919848,5919966,44,0,5,0,0,0.898,1.000,0.898,CCZ1
chr7,+,16237308,16237413,4,0,4,0,0,0.500,1.000,0.500,ISPD-AS1
chr7,-,44078739,44078811,26,0,9,0,0,0.743,1.000,0.743,POLM
chr7,-,44572573,44572744,193,0,10,0,0,0.951,1.000,0.951,DDX56
chr7,+,74056270,74056435,27,0,4,0,0,0.871,1.000,0.871,ELN
chr7,+,74777266,74777347,141,0,4,0,0,0.972,1.000,0.972,NCF1
chr7,+,76064338,76064438,264,0,4,0,0,0.985,1.000,0.985,MDH2
chr7,+,87878052,87878225,76,0,14,0,0,0.844,1.000,0.844,DBF4
chr7,+,90405518,90405608,143,0,32,0,0,0.817,1.000,0.817,CLDN12
chr7,+,93239865,93239934,208,0,6,0,0,0.972,1.000,0.972,VPS50
chr7,+,99388038,99388261,647,0,17,0,0,0.974,1.000,0.974,ARPC1B
chr7,+,99389904,99390012,544,0,4,0,0,0.993,1.000,0.993,ARPC1B
chr7,-,100099278,100099403,1075,0,6,0,0,0.994,1.000,0.994,MCM7
chr7,+,100101879,100101968,133,0,4,0,0,0.971,1.000,0.971,AP4M1
chr7,+,116898771,116898835,473,0,23,0,0,0.954,1.000,0.954,CAPZA2
chr7,-,126446125,126446372,10,0,5,0,0,0.667,1.000,0.667,GRM8
chr7,+,128713922,128714132,8,0,13,0,0,0.381,1.000,0.381,FAM71F1
chr7,+,128945844,128946034,76,0,4,0,0,0.950,1.000,0.950,IRF5
chr7,-,130404563,130404708,119,0,5,0,0,0.960,1.000,0.960,CEP41
chr7,-,131324302,131324425,12,0,8,0,0,0.600,1.000,0.600,MKLN1-AS
chr7,-,135168748,135169060,64,0,11,0,0,0.853,1.000,0.853,C7orf49
chr7,-,135410514,135410648,9,0,7,0,0,0.562,1.000,0.562,CNOT4
chr7,+,138554697,138554966,19,0,6,0,0,0.760,1.000,0.760,TRIM24
chr7,-,140459706,140459936,144,0,5,0,0,0.966,1.000,0.966,MKRN1
chr7,+,141743560,141743701,412,0,5,0,0,0.988,1.000,0.988,SSBP1
chr7,+,142328491,142328779,18,0,13,0,0,0.581,1.000,0.581,onlyEST
chr7,+,143604584,143604835,9,0,4,0,0,0.692,1.000,0.692,onlyEST
chr7,-,143857099,143857350,11,0,5,0,0,0.688,1.000,0.688,TCAF1
chr7,-,150959571,150959736,6,0,6,0,0,0.500,1.000,0.500,KCNH2
chr7,-,152145152,152145295,8,0,6,0,0,0.571,1.000,0.571,KMT2C
chr8,-,12185375,12185525,23,0,5,0,0,0.821,1.000,0.821,FAM86B1
chr8,+,12990833,12991031,9,0,5,0,0,0.643,1.000,0.643,KIAA1456
chr8,+,17991541,17991700,21,0,9,0,0,0.700,1.000,0.700,PCM1
chr8,-,18061685,18061740,143,0,5,0,0,0.966,1.000,0.966,ASAH1
chr8,-,23030758,23030872,171,0,4,0,0,0.977,1.000,0.977,TNFRSF10B
chr8,+,23566107,23566336,16,0,4,0,0,0.800,1.000,0.800,SLC25A37
chr8,-,38281466,38281583,9,0,4,0,0,0.692,1.000,0.692,WHSC1L1
chr8,-,38419532,38419735,61,0,15,0,0,0.803,1.000,0.803,FGFR1
chr8,+,38827167,38827375,21,0,13,0,0,0.618,1.000,0.618,TACC1
chr8,-,52628040,52628168,25,0,21,0,0,0.543,1.000,0.543,RB1CC1
chr8,+,55941854,55941991,42,0,22,0,0,0.656,1.000,0.656,LYN
chr8,+,66874052,66874234,16,0,4,0,0,0.800,1.000,0.800,MCMDC2
chr8,-,79767008,79767092,136,0,22,0,0,0.861,1.000,0.861,HEY1
chr8,+,94674307,94674506,10,0,6,0,0,0.625,1.000,0.625,ESRP1
chr8,-,100715461,100715601,372,0,14,0,0,0.964,1.000,0.964,PABPC1
chr8,+,119416743,119416969,102,0,6,0,0,0.944,1.000,0.944,NOV
chr8,-,119582417,119582602,22,0,10,0,0,0.688,1.000,0.688,ENPP2
chr8,+,131940498,131940575,32,0,8,0,0,0.800,1.000,0.800,EFR3A
chr8,-,143984007,143984104,37,0,5,0,0,0.881,1.000,0.881,PARP10
chr8,+,144095832,144096029,310,0,4,0,0,0.987,1.000,0.987,CYC1
chr8,-,144357438,144357502,13,0,6,0,0,0.684,1.000,0.684,FBXL6
chr9,+,27204910,27205065,11,0,4,0,0,0.733,1.000,0.733,TEK
chr9,-,34405915,34405964,22,0,12,0,0,0.647,1.000,0.647,FAM219A
chr9,-,34637219,34637420,287,0,19,0,0,0.938,1.000,0.938,SIGMAR1
chr9,-,35067890,35068063,490,0,4,0,0,0.992,1.000,0.992,VCP
chr9,+,35408926,35409003,11,0,4,0,0,0.733,1.000,0.733,onlyEST
chr9,-,35811181,35812001,10,0,6,0,0,0.625,1.000,0.625,SPAG8
chr9,-,76637417,76637549,32,0,4,0,0,0.889,1.000,0.889,PRUNE2
chr9,-,92067965,92068098,54,0,6,0,0,0.900,1.000,0.900,SPTLC1
chr9,+,93107673,93107827,41,0,38,0,0,0.519,1.000,0.519,CARD19
chr9,+,97641561,97641662,117,0,12,0,0,0.907,1.000,0.907,NCBP1
chr9,-,97913400,97913558,63,0,4,0,0,0.940,1.000,0.940,TRMO
chr9,-,114061423,114061591,49,0,14,0,0,0.778,1.000,0.778,AMBP
chr9,-,120793148,120793257,84,0,5,0,0,0.944,1.000,0.944,FBXW2
chr9,+,122386445,122386732,16,0,7,0,0,0.696,1.000,0.696,PTGS1
chr9,+,127243078,127243249,22,0,9,0,0,0.710,1.000,0.710,GARNL3
chr9,-,128179372,128179415,10,0,10,0,0,0.500,1.000,0.500,CIZ1
chr9,+,128239727,128239779,15,0,12,0,0,0.556,1.000,0.556,DNM1
chr9,+,128343126,128343293,36,0,6,0,0,0.857,1.000,0.857,SLC27A4
chr9,-,128750615,128750789,10,0,5,0,0,0.667,1.000,0.667,ZER1
chr9,+,130476870,130476961,205,0,9,0,0,0.958,1.000,0.958,ASS1
chr9,+,130695491,130695593,193,0,8,0,0,0.960,1.000,0.960,EXOSC2
chr9,+,133356913,133357068,42,0,5,0,0,0.894,1.000,0.894,SURF2
chr9,+,135565784,135565801,13,0,8,0,0,0.619,1.000,0.619,PAEP
chr9,+,136669913,136670009,80,0,4,0,0,0.952,1.000,0.952,EGFL7
chr9,-,136727045,136727086,99,0,4,0,0,0.961,1.000,0.961,SNHG7
chr9,+,136837345,136837662,39,0,4,0,0,0.907,1.000,0.907,RABL6
chr9,+,136898712,136898928,294,0,8,0,0,0.974,1.000,0.974,TRAF2
chr9,+,136979222,136979299,648,0,7,0,0,0.989,1.000,0.989,PTGDS
chr9,-,137050247,137050538,5,0,4,0,0,0.556,1.000,0.556,ENTPD2
chr9,+,137101483,137105916,1,0,45,0,0,0.022,1.000,0.022,MAN1B1
chr9,+,137613614,137613769,89,0,4,0,0,0.957,1.000,0.957,ARRDC1
chr9,+,138175600,138175711,5,0,4,0,0,0.556,1.000,0.556,onlyEST
chr10,-,3781640,3782214,20,0,4,0,0,0.833,1.000,0.833,KLF6
chr10,+,4847147,4847230,4,0,4,0,0,0.500,1.000,0.500,AKR1E2
chr10,+,11314138,11314258,11,0,7,0,0,0.611,1.000,0.611,CELF2
chr10,+,26724013,26724123,10,0,6,0,0,0.625,1.000,0.625,PDSS1
chr10,-,34337274,34337426,20,0,10,0,0,0.667,1.000,0.667,PARD3
chr10,-,34347964,34348115,30,0,9,0,0,0.769,1.000,0.769,PARD3
chr10,-,45639815,45639963,18,0,4,0,0,0.818,1.000,0.818,ZFAND4
chr10,-,56358804,56358947,96,0,20,0,0,0.828,1.000,0.828,ZWINT
chr10,+,73177845,73177973,13,0,9,0,0,0.591,1.000,0.591,FAM149B1
chr10,+,73228059,73228184,10,0,4,0,0,0.714,1.000,0.714,FAM149B1
chr10,+,73800010,73800170,13,0,12,0,0,0.520,1.000,0.520,ZSWIM8
chr10,+,74975398,74975454,6,0,4,0,0,0.600,1.000,0.600,KAT6B
chr10,+,75211133,75211189,560,0,14,0,0,0.976,1.000,0.976,VDAC2
chr10,+,80082144,80082204,184,0,10,0,0,0.948,1.000,0.948,TMEM254
chr10,-,95633490,95633649,31,0,10,0,0,0.756,1.000,0.756,ALDH18A1
chr10,-,98410938,98410958,61,0,5,0,0,0.924,1.000,0.924,PYROXD2
chr10,-,98433982,98434091,34,0,15,0,0,0.694,1.000,0.694,HPS1
chr10,+,100990868,100991010,36,0,12,0,0,0.750,1.000,0.750,C10orf2
chr10,+,101035496,101035667,84,0,10,0,0,0.894,1.000,0.894,SFXN3
chr10,+,102159192,102159308,64,0,10,0,0,0.865,1.000,0.865,NOLC1
chr10,+,102376934,102377128,20,0,15,0,0,0.571,1.000,0.571,GBF1
chr10,+,113143922,113144025,71,0,9,0,0,0.887,1.000,0.887,TCF7L2
chr10,-,114297219,114297413,9,0,4,0,0,0.692,1.000,0.692,AFAP1L2
chr10,-,119843253,119843426,18,0,11,0,0,0.621,1.000,0.621,MCMBP
chr10,-,124789042,124789157,26,0,20,0,0,0.565,1.000,0.565,"METTL10,RP11-12J10.3"
chr10,+,132781860,132781948,13,0,4,0,0,0.765,1.000,0.765,INPP5A
chr11,-,218831,219041,18,0,5,0,0,0.783,1.000,0.783,SIRT3
chr11,-,429473,429652,4,0,4,0,0,0.500,1.000,0.500,ANO9
chr11,-,498762,498933,87,0,8,0,0,0.916,1.000,0.916,RNH1
chr11,+,763746,763944,146,0,15,0,0,0.907,1.000,0.907,TALDO1
chr11,-,800332,800451,39,0,18,0,0,0.684,1.000,0.684,PIDD1
chr11,-,800984,801120,41,0,17,0,0,0.707,1.000,0.707,PIDD1
chr11,+,821957,822023,83,0,5,0,0,0.943,1.000,0.943,PNPLA2
chr11,+,837459,837618,272,0,8,0,0,0.971,1.000,0.971,CD151
chr11,+,837941,838028,244,0,4,0,0,0.984,1.000,0.984,CD151
chr11,-,1758968,1759087,587,0,5,0,0,0.992,1.000,0.992,CTSD
chr11,+,2313653,2313755,24,0,5,0,0,0.828,1.000,0.828,TSPAN32
chr11,+,2390411,2390526,139,0,5,0,0,0.965,1.000,0.965,CD81
chr11,-,3760538,3760626,14,0,4,0,0,0.778,1.000,0.778,NUP98
chr11,+,3824269,3824376,41,0,24,0,0,0.631,1.000,0.631,PGAP2
chr11,-,6458064,6458296,94,0,31,0,0,0.752,1.000,0.752,TRIM3
chr11,-,6617300,6617428,1024,0,4,0,0,0.996,1.000,0.996,TPP1
chr11,+,7994425,7994517,253,0,8,0,0,0.969,1.000,0.969,EIF3F
chr11,-,16049712,16049938,4,0,4,0,0,0.500,1.000,0.500,SOX6
chr11,+,20080063,20080209,15,0,5,0,0,0.750,1.000,0.750,NAV2
chr11,-,32391971,32392064,16,0,6,0,0,0.727,1.000,0.727,WT1
chr11,+,44067627,44067915,27,0,6,0,0,0.818,1.000,0.818,ACCS
chr11,-,47245681,47245834,969,0,7,0,0,0.993,1.000,0.993,ACP2
chr11,+,47284940,47285065,15,0,14,0,0,0.517,1.000,0.517,MADD
chr11,+,47295495,47295579,21,0,26,0,0,0.447,1.000,0.447,MADD
chr11,+,47414776,47414909,16,0,5,0,0,0.762,1.000,0.762,SLC39A13
chr11,-,47425120,47425246,644,0,7,0,0,0.989,1.000,0.989,PSMC3
chr11,-,47638966,47639051,286,0,4,0,0,0.986,1.000,0.986,MTCH2
chr11,-,57332624,57332855,60,0,4,0,0,0.938,1.000,0.938,SSRP1
chr11,-,57389009,57389317,195,0,8,0,0,0.961,1.000,0.961,"RP11-872D17.8,PRG2"
chr11,-,60175401,60175611,41,0,4,0,0,0.911,1.000,0.911,MS4A6A
chr11,-,60183135,60183331,6,0,5,0,0,0.545,1.000,0.545,MS4A6A
chr11,-,61282788,61282905,6,0,5,0,0,0.545,1.000,0.545,VWCE
chr11,+,62885176,62885357,116,0,9,0,0,0.928,1.000,0.928,SLC3A2
chr11,+,64359377,64359449,95,0,5,0,0,0.950,1.000,0.950,RPS6KA4
chr11,-,64807890,64808099,25,0,8,0,0,0.758,1.000,0.758,MEN1
chr11,+,67396110,67396175,30,0,4,0,0,0.882,1.000,0.882,RAD9A
chr11,+,67490315,67490457,81,0,4,0,0,0.953,1.000,0.953,AIP
chr11,-,68893402,68893455,91,0,4,0,0,0.958,1.000,0.958,MRPL21
chr11,+,71796016,71796166,30,0,4,0,0,0.882,1.000,0.882,FAM86C1
chr11,+,74203727,74203821,645,0,4,0,0,0.994,1.000,0.994,PPME1
chr11,-,76194566,76194844,10,0,4,0,0,0.714,1.000,0.714,WNT11
chr11,+,94496603,94496951,21,0,10,0,0,0.677,1.000,0.677,ANKRD49
chr11,+,102205892,102206074,12,0,6,0,0,0.667,1.000,0.667,YAP1
chr11,+,117203001,117203193,583,0,5,0,0,0.991,1.000,0.991,TAGLN
chr11,-,117295130,117295347,72,0,19,0,0,0.791,1.000,0.791,BACE1
chr11,+,117408889,117409028,11,0,4,0,0,0.733,1.000,0.733,CEP164
chr11,+,119011220,119011311,15,0,11,0,0,0.577,1.000,0.577,CCDC84
chr11,+,119088634,119088707,210,0,6,0,0,0.972,1.000,0.972,HMBS
chr11,+,119089216,119089272,210,0,6,0,0,0.972,1.000,0.972,HMBS
chr11,-,123058631,123058830,366,0,11,0,0,0.971,1.000,0.971,HSPA8
chr11,-,124754640,124754763,61,0,11,0,0,0.847,1.000,0.847,ESAM
chr11,+,124877518,124877658,21,0,8,0,0,0.724,1.000,0.724,ROBO3
chr11,+,126406472,126406557,136,0,29,0,0,0.824,1.000,0.824,ST3GAL4
chr11,+,129852474,129852660,42,0,4,0,0,0.913,1.000,0.913,TMEM45B
chr11,-,130236792,130237093,8,0,6,0,0,0.571,1.000,0.571,ZBTB44
chr12,+,4543762,4543904,124,0,13,0,0,0.905,1.000,0.905,RAD51AP1
chr12,+,4590329,4590440,15,0,5,0,0,0.750,1.000,0.750,DYRK4
chr12,+,6536493,6536593,9538,0,45,0,0,0.995,1.000,0.995,GAPDH
chr12,-,6652935,6653050,102,0,21,0,0,0.829,1.000,0.829,ING4
chr12,+,6814141,6814300,356,0,71,0,0,0.834,1.000,0.834,CD4
chr12,+,6843631,6843698,58,0,13,0,0,0.817,1.000,0.817,GNB3
chr12,-,6966423,6966500,109,0,15,0,0,0.879,1.000,0.879,PHB2
chr12,+,9687901,9688086,86,0,17,0,0,0.835,1.000,0.835,CLEC2D
chr12,-,13088737,13088909,62,0,40,0,0,0.608,1.000,0.608,GSG1
chr12,-,16600654,16600868,171,0,26,0,0,0.868,1.000,0.868,LMO3
chr12,-,18737360,18737509,27,0,6,0,0,0.818,1.000,0.818,PLCZ1
chr12,+,20750674,20750792,8,0,4,0,0,0.667,1.000,0.667,SLCO1C1
chr12,-,21641951,21642125,1180,0,26,0,0,0.978,1.000,0.978,LDHB
chr12,-,23895792,23896024,30,0,12,0,0,0.714,1.000,0.714,SOX5
chr12,+,27664361,27664437,8,0,5,0,0,0.615,1.000,0.615,PPFIBP1
chr12,+,43772911,43773072,32,0,4,0,0,0.889,1.000,0.889,IRAK4
chr12,-,48347251,48347343,25,0,4,0,0,0.862,1.000,0.862,ZNF641
chr12,-,49101471,49101549,41,0,6,0,0,0.872,1.000,0.872,LMBR1L
chr12,+,49269464,49269687,1218,0,4,0,0,0.997,1.000,0.997,TUBA1C
chr12,-,52898460,52898519,573,0,15,0,0,0.974,1.000,0.974,KRT8
chr12,+,52951480,52951645,735,0,4,0,0,0.995,1.000,0.995,KRT18
chr12,+,53034611,53034709,182,0,14,0,0,0.929,1.000,0.929,EIF4B
chr12,-,53543329,53543448,32,0,7,0,0,0.821,1.000,0.821,"ATF7,RP11-793H13.10"
chr12,+,54282089,54282300,3157,0,32,0,0,0.990,1.000,0.990,HNRNPA1
chr12,+,54282799,54282874,853,0,5,0,0,0.994,1.000,0.994,HNRNPA1
chr12,-,54963741,54963950,48,0,5,0,0,0.906,1.000,0.906,TESPA1
chr12,-,55725812,55725896,458,0,25,0,0,0.948,1.000,0.948,CD63
chr12,-,56356440,56356578,124,0,5,0,0,0.961,1.000,0.961,STAT2
chr12,-,57070819,57070893,17,0,16,0,0,0.515,1.000,0.515,NEMP1
chr12,-,57475832,57475931,18,0,5,0,0,0.783,1.000,0.783,ARHGAP9
chr12,-,57827551,57827590,93,0,5,0,0,0.949,1.000,0.949,CTDSP2
chr12,+,69251128,69251338,226,0,6,0,0,0.974,1.000,0.974,CPSF6
chr12,+,69587504,69587616,626,0,10,0,0,0.984,1.000,0.984,CCT2
chr12,-,71139710,71139848,186,0,5,0,0,0.974,1.000,0.974,TSPAN8
chr12,-,75316311,75316434,8,0,4,0,0,0.667,1.000,0.667,CAPS2
chr12,-,76048392,76048464,76,0,26,0,0,0.745,1.000,0.745,NAP1L1
chr12,-,93411052,93411299,446,0,15,0,0,0.967,1.000,0.967,UBE2N
chr12,-,95002738,95002821,126,0,5,0,0,0.962,1.000,0.962,NDUFA12
chr12,+,98648625,98648815,17,0,5,0,0,0.773,1.000,0.773,APAF1
chr12,+,100205675,100205744,172,0,19,0,0,0.901,1.000,0.901,ACTR6
chr12,+,111888884,111889000,14,0,4,0,0,0.778,1.000,0.778,MAPKAPK5
chr12,-,113179934,113180005,176,0,10,0,0,0.946,1.000,0.946,DDX54
chr12,-,117046776,117046838,33,0,10,0,0,0.767,1.000,0.767,TESC
chr12,+,121228724,121228866,54,0,4,0,0,0.931,1.000,0.931,P2RX4
chr12,-,121430341,121430469,5,0,4,0,0,0.556,1.000,0.556,KDM2B
chr12,+,122054804,122054926,10,0,5,0,0,0.667,1.000,0.667,BCL7A
chr12,+,122981128,122981266,101,0,76,0,0,0.571,1.000,0.571,ARL6IP4
chr12,+,130872835,130872920,1898,0,6,0,0,0.997,1.000,0.997,RAN
chr12,+,131714070,131714240,45,0,6,0,0,0.882,1.000,0.882,SFSWAP
chr12,-,132743153,132743276,26,0,4,0,0,0.867,1.000,0.867,ANKLE2
chr13,+,27255241,27255354,2099,0,6,0,0,0.997,1.000,0.997,RPL21
chr13,+,27427091,27427192,229,0,16,0,0,0.935,1.000,0.935,GTF3A
chr13,+,32316421,32316523,4,0,4,0,0,0.500,1.000,0.500,BRCA2
chr13,-,51773929,51774034,14,0,5,0,0,0.737,1.000,0.737,DHRS12
chr13,-,52143914,52143987,11,0,7,0,0,0.611,1.000,0.611,NEK3
chr13,+,77744282,77744432,180,0,13,0,0,0.933,1.000,0.933,SLAIN1
chr13,+,97985420,97985613,381,0,4,0,0,0.990,1.000,0.990,IPO5
chr13,+,102664794,102664925,18,0,4,0,0,0.818,1.000,0.818,TPP2
chr13,+,113147378,113147496,15,0,4,0,0,0.789,1.000,0.789,F10
chr14,+,21487450,21487693,242,0,8,0,0,0.968,1.000,0.968,TOX4
chr14,-,23347513,23347731,32,0,9,0,0,0.780,1.000,0.780,SLC22A17
chr14,+,24074050,24074125,125,0,6,0,0,0.954,1.000,0.954,CPNE6
chr14,+,24115381,24115749,125,0,19,0,0,0.868,1.000,0.868,DCAF11
chr14,+,24147975,24148122,78,0,4,0,0,0.951,1.000,0.951,RNF31
chr14,+,24235966,24236140,121,0,6,0,0,0.953,1.000,0.953,GMPR2
chr14,-,24338248,24338295,16,0,4,0,0,0.800,1.000,0.800,RIPK3
chr14,+,24376293,24376878,16,0,11,0,0,0.593,1.000,0.593,NFATC4
chr14,-,31122913,31123047,24,0,5,0,0,0.828,1.000,0.828,HECTD1
chr14,-,50116079,50116179,28,0,20,0,0,0.583,1.000,0.583,VCPKMT
chr14,+,51701055,51701135,31,0,28,0,0,0.525,1.000,0.525,FRMD6
chr14,-,54481408,54481458,333,0,5,0,0,0.985,1.000,0.985,GMFB
chr14,-,57490988,57491071,20,0,6,0,0,0.769,1.000,0.769,C14orf105
chr14,-,64951073,64951151,16,0,11,0,0,0.593,1.000,0.593,RAB15
chr14,+,74713484,74713552,53,0,5,0,0,0.914,1.000,0.914,FCF1
chr14,-,75654885,75654976,97,0,7,0,0,0.933,1.000,0.933,C14orf1
chr14,+,90263661,90263847,553,0,4,0,0,0.993,1.000,0.993,PSMC1
chr14,-,91475849,91475966,15,0,7,0,0,0.682,1.000,0.682,PPP4R3A
chr14,-,95194214,95194596,1,0,17,0,0,0.056,1.000,0.056,CLMN
chr14,-,95711748,95711802,142,0,100,0,0,0.587,1.000,0.587,TCL1A
chr14,+,100829033,100829749,31,0,4,0,0,0.886,1.000,0.886,MEG3
chr14,-,102083792,102083983,576,0,6,0,0,0.990,1.000,0.990,HSP90AA1
chr14,-,102355767,102355897,169,0,4,0,0,0.977,1.000,0.977,CINP
chr14,-,104775651,104775799,155,0,9,0,0,0.945,1.000,0.945,AKT1
chr14,+,105490980,105491126,19,0,4,0,0,0.826,1.000,0.826,"C14orf80,AL928654.7"
chr15,-,29704161,29704305,16,0,9,0,0,0.640,1.000,0.640,TJP1
chr15,+,30635079,30635243,9,0,7,0,0,0.562,1.000,0.562,ARHGAP11B
chr15,+,40853710,40853881,29,0,18,0,0,0.617,1.000,0.617,SPINT1
chr15,+,45415586,45415779,11,0,4,0,0,0.733,1.000,0.733,SPATA5L1
chr15,-,50301256,50301368,26,0,17,0,0,0.605,1.000,0.605,GABPB1
chr15,-,52260861,52261127,4,0,4,0,0,0.500,1.000,0.500,MYO5C
chr15,-,58893820,58893987,23,0,7,0,0,0.767,1.000,0.767,SLTM
chr15,-,70057473,70057658,14,0,10,0,0,0.583,1.000,0.583,TLE3
chr15,-,70058158,70058291,14,0,11,0,0,0.560,1.000,0.560,TLE3
chr15,-,70074532,70074607,37,0,6,0,0,0.860,1.000,0.860,TLE3
chr15,-,71113634,71113763,8,0,8,0,0,0.500,1.000,0.500,CT62
chr15,-,72207126,72207277,1053,0,10,0,0,0.991,1.000,0.991,PKM
chr15,-,72260537,72260688,15,0,13,0,0,0.536,1.000,0.536,PARP6
chr15,-,73919837,73920038,16,0,7,0,0,0.696,1.000,0.696,LOXL1-AS1
chr15,-,74837750,74837798,24,0,18,0,0,0.571,1.000,0.571,ULK3
chr15,+,78894819,78894904,177,0,5,0,0,0.973,1.000,0.973,MORF4L1
chr15,-,79006176,79006434,4,0,4,0,0,0.500,1.000,0.500,RASGRF1
chr15,+,89247628,89247731,34,0,8,0,0,0.810,1.000,0.810,FANCI
chr15,-,90969523,90969623,25,0,18,0,0,0.581,1.000,0.581,PRC1
chr16,+,173124,173329,1227,0,7,0,0,0.994,1.000,0.994,HBA2
chr16,+,176928,177133,1170,0,7,0,0,0.994,1.000,0.994,HBA1
chr16,+,681437,681603,110,0,12,0,0,0.902,1.000,0.902,STUB1
chr16,+,721800,722083,4,0,29,0,0,0.121,1.000,0.121,FAM173A
chr16,-,787353,787477,92,0,5,0,0,0.948,1.000,0.948,RPUSD1
chr16,+,1315653,1315726,260,0,5,0,0,0.981,1.000,0.981,UBE2I
chr16,-,2000390,2000481,13,0,8,0,0,0.619,1.000,0.619,ZNF598
chr16,-,2001582,2001700,15,0,5,0,0,0.750,1.000,0.750,ZNF598
chr16,-,2856081,2856253,20,0,5,0,0,0.800,1.000,0.800,PRSS22
chr16,+,3657719,3657816,11,0,4,0,0,0.733,1.000,0.733,DNASE1
chr16,-,3689054,3689137,816,0,6,0,0,0.993,1.000,0.993,TRAP1
chr16,+,4795947,4796033,10,0,6,0,0,0.625,1.000,0.625,SMIM22
chr16,-,5033272,5033728,29,0,4,0,0,0.879,1.000,0.879,NAGPA
chr16,-,18784737,18784823,1326,0,7,0,0,0.995,1.000,0.995,RPS15A
chr16,-,20348435,20349212,5,0,12,0,0,0.294,1.000,0.294,UMOD
chr16,-,20627188,20627316,5,0,5,0,0,0.500,1.000,0.500,ACSM1
chr16,-,27501190,27501344,12,0,11,0,0,0.522,1.000,0.522,GTF3C1
chr16,+,28713908,28714098,1745,0,4,0,0,0.998,1.000,0.998,EIF3C
chr16,-,28844418,28844551,180,0,4,0,0,0.978,1.000,0.978,TUFM
chr16,+,29461637,29461763,72,0,4,0,0,0.947,1.000,0.947,"SULT1A4,SLX1B-SULT1A4"
chr16,+,30067233,30067366,2613,0,5,0,0,0.998,1.000,0.998,ALDOA
chr16,+,30069305,30069389,1615,0,7,0,0,0.996,1.000,0.996,ALDOA
chr16,+,30069498,30069673,746,0,7,0,0,0.991,1.000,0.991,ALDOA
chr16,+,30187038,30187223,211,0,13,0,0,0.942,1.000,0.942,CORO1A
chr16,+,30200980,30201106,74,0,4,0,0,0.949,1.000,0.949,"SLX1A-SULT1A3,SULT1A3"
chr16,+,30751105,30751281,105,0,7,0,0,0.938,1.000,0.938,PHKG2
chr16,-,48111577,48111662,5,0,5,0,0,0.500,1.000,0.500,ABCC12
chr16,-,48141205,48141353,8,0,4,0,0,0.667,1.000,0.667,ABCC12
chr16,+,53307680,53307953,9,0,4,0,0,0.692,1.000,0.692,CHD9
chr16,-,58536988,58537220,51,0,7,0,0,0.879,1.000,0.879,CNOT1
chr16,+,66392135,66392383,12,0,4,0,0,0.750,1.000,0.750,CDH5
chr16,+,66942647,66942785,25,0,9,0,0,0.735,1.000,0.735,CES2
chr16,+,67000856,67000990,30,0,7,0,0,0.811,1.000,0.811,CES4A
chr16,+,67228494,67228631,93,0,12,0,0,0.886,1.000,0.886,TMEM208
chr16,-,67659701,67659795,163,0,4,0,0,0.976,1.000,0.976,ACD
chr16,-,74413578,74413676,7,0,4,0,0,0.636,1.000,0.636,CLEC18B
chr16,-,74675323,74675404,7,0,7,0,0,0.500,1.000,0.500,MLKL
chr16,-,75115197,75115339,24,0,8,0,0,0.750,1.000,0.750,LDHD
chr16,+,75566851,75566907,456,0,8,0,0,0.983,1.000,0.983,GABARAPL2
chr16,+,85804936,85805104,562,0,7,0,0,0.988,1.000,0.988,COX4I1
chr16,+,85804936,85805108,1,0,570,0,0,0.002,1.000,0.002,COX4I1
chr16,+,88577109,88577726,5,0,4,0,0,0.556,1.000,0.556,ZC3H18
chr16,-,88656104,88656304,108,0,4,0,0,0.964,1.000,0.964,MVD
chr16,+,89694930,89695070,27,0,8,0,0,0.771,1.000,0.771,CDK10
chr16,+,89727278,89727357,18,0,5,0,0,0.783,1.000,0.783,ZNF276
chr17,-,1436789,1437155,12,0,10,0,0,0.545,1.000,0.545,CRK
chr17,-,4970339,4970536,47,0,8,0,0,0.855,1.000,0.855,CAMTA2
chr17,-,5223332,5223456,20,0,13,0,0,0.606,1.000,0.606,SCIMP
chr17,-,7108771,7108888,22,0,6,0,0,0.786,1.000,0.786,ASGR2
chr17,+,7254582,7254803,84,0,4,0,0,0.955,1.000,0.955,ELP5
chr17,+,7311577,7311651,460,0,7,0,0,0.985,1.000,0.985,EIF5A
chr17,-,7322947,7323123,8,0,5,0,0,0.615,1.000,0.615,NEURL4
chr17,+,7577055,7577165,2006,0,16,0,0,0.992,1.000,0.992,"EIF4A1,RP11-186B7.4,SENP3-EIF4A1"
chr17,-,7857014,7857198,83,0,5,0,0,0.943,1.000,0.943,NAA38
chr17,+,7909142,7909338,34,0,11,0,0,0.756,1.000,0.756,CHD3
chr17,-,16061400,16061894,12,0,4,0,0,0.750,1.000,0.750,NCOR1
chr17,+,17344793,17344908,5,0,4,0,0,0.556,1.000,0.556,NT5M
chr17,+,27638262,27638354,174,0,6,0,0,0.967,1.000,0.967,"AC015688.3,LGALS9"
chr17,-,28575122,28575334,2712,0,6,0,0,0.998,1.000,0.998,ALDOC
chr17,-,28715031,28715122,80,0,6,0,0,0.930,1.000,0.930,RAB34
chr17,-,28963961,28964147,14,0,4,0,0,0.778,1.000,0.778,SEZ6
chr17,-,30274041,30274197,49,0,8,0,0,0.860,1.000,0.860,BLMH
chr17,-,30291310,30291508,356,0,8,0,0,0.978,1.000,0.978,BLMH
chr17,+,30481142,30481263,38,0,29,0,0,0.567,1.000,0.567,GOSR1
chr17,-,35984337,35984452,38,0,4,0,0,0.905,1.000,0.905,"CCL14,CCL15-CCL14"
chr17,+,36577982,36578186,10,0,5,0,0,0.667,1.000,0.667,GGNBP2
chr17,+,39657774,39657852,302,0,39,0,0,0.886,1.000,0.886,STARD3
chr17,+,40015690,40015845,23,0,7,0,0,0.767,1.000,0.767,CSF3
chr17,-,42322281,42322494,47,0,20,0,0,0.701,1.000,0.701,STAT3
chr17,-,42574098,42574210,78,0,9,0,0,0.897,1.000,0.897,PSMC3IP
chr17,+,42610422,42610590,286,0,4,0,0,0.986,1.000,0.986,TUBG1
chr17,+,43013266,43013379,51,0,31,0,0,0.622,1.000,0.622,IFI35
chr17,+,47579389,47579511,185,0,8,0,0,0.959,1.000,0.959,NPEPPS
chr17,+,47975513,47975653,96,0,10,0,0,0.906,1.000,0.906,CDK5RAP3
chr17,+,48050606,48050819,5,0,4,0,0,0.556,1.000,0.556,NFE2L1
chr17,+,49216530,49216698,40,0,5,0,0,0.889,1.000,0.889,ABI3
chr17,-,50388059,50388132,180,0,4,0,0,0.978,1.000,0.978,LRRC59
chr17,+,50517292,50517452,44,0,5,0,0,0.898,1.000,0.898,MYCBPAP
chr17,+,55771105,55771185,81,0,4,0,0,0.953,1.000,0.953,PCTP
chr17,-,60085102,60085203,14,0,6,0,0,0.700,1.000,0.700,WFDC21P
chr17,-,63704340,63704582,11,0,5,0,0,0.688,1.000,0.688,"STRADA,RP11-51F16.8"
chr17,-,63728333,63728413,270,0,103,0,0,0.724,1.000,0.724,"STRADA,RP11-51F16.8"
chr17,-,63826257,63826304,274,0,6,0,0,0.979,1.000,0.979,FTSJ3
chr17,-,64824624,64824872,21,0,5,0,0,0.808,1.000,0.808,onlyEST
chr17,+,65177731,65177803,9,0,7,0,0,0.562,1.000,0.562,RGS9
chr17,-,69273958,69274128,11,0,4,0,0,0.733,1.000,0.733,ABCA5
chr17,-,72947751,72947875,44,0,14,0,0,0.759,1.000,0.759,SLC39A11
chr17,+,75471799,75471929,119,0,5,0,0,0.960,1.000,0.960,TMEM94
chr17,+,75491302,75491455,16,0,5,0,0,0.762,1.000,0.762,TMEM94
chr17,-,75914746,75914932,6,0,4,0,0,0.600,1.000,0.600,FBF1
chr17,+,81894466,81894586,248,0,7,0,0,0.973,1.000,0.973,ANAPC11
chr17,-,82019292,82019381,163,0,17,0,0,0.906,1.000,0.906,STRA13
chr17,-,82061617,82061721,77,0,4,0,0,0.951,1.000,0.951,DUS1L
chr17,-,82082526,82082678,79,0,4,0,0,0.952,1.000,0.952,FASN
chr17,-,83048668,83048785,11,0,4,0,0,0.733,1.000,0.733,B3GNTL1
chr18,-,2566820,2567654,4,0,4,0,0,0.500,1.000,0.500,METTL4
chr18,-,5406776,5406968,94,0,8,0,0,0.922,1.000,0.922,EPB41L3
chr18,-,12351084,12351210,28,0,4,0,0,0.875,1.000,0.875,AFG3L2
chr18,+,12429349,12429436,11,0,4,0,0,0.733,1.000,0.733,PRELID3A
chr18,+,23473428,23473626,23,0,4,0,0,0.852,1.000,0.852,RIOK3
chr18,-,23649082,23649193,15,0,6,0,0,0.714,1.000,0.714,ANKRD29
chr18,+,24155700,24156042,15,0,4,0,0,0.789,1.000,0.789,CABYR
chr18,+,26144558,26144685,21,0,7,0,0,0.750,1.000,0.750,PSMA8
chr18,-,37266532,37266598,24,0,4,0,0,0.857,1.000,0.857,CELF4
chr18,-,37321832,37321881,65,0,32,0,0,0.670,1.000,0.670,CELF4
chr18,+,46105193,46105368,61,0,4,0,0,0.938,1.000,0.938,HAUS1
chr18,-,49490792,49490927,2266,0,7,0,0,0.997,1.000,0.997,"RPL17-C18orf32,RPL17"
chr18,-,50284731,50284839,42,0,5,0,0,0.894,1.000,0.894,CXXC1
chr18,-,55232520,55232671,23,0,21,0,0,0.523,1.000,0.523,TCF4
chr18,+,63589655,63589715,25,0,16,0,0,0.610,1.000,0.610,SERPINB13
chr18,+,74559322,74559472,93,0,4,0,0,0.959,1.000,0.959,CNDP1
chr19,+,991080,991145,101,0,8,0,0,0.927,1.000,0.927,WDR18
chr19,+,1271139,1271467,16,0,7,0,0,0.696,1.000,0.696,CIRBP
chr19,+,1271328,1271467,1087,0,4,0,0,0.996,1.000,0.996,CIRBP
chr19,+,1917693,1917822,342,0,4,0,0,0.988,1.000,0.988,SCAMP4
chr19,+,3204004,3204144,40,0,7,0,0,0.851,1.000,0.851,NCLN
chr19,-,3979807,3980066,84,0,6,0,0,0.933,1.000,0.933,EEF2
chr19,-,3983109,3983291,298,0,6,0,0,0.980,1.000,0.980,EEF2
chr19,-,5790046,5790335,195,0,9,0,0,0.956,1.000,0.956,DUS3L
chr19,+,5914939,5915146,40,0,6,0,0,0.870,1.000,0.870,CAPS
chr19,-,6679406,6679496,121,0,7,0,0,0.945,1.000,0.945,C3
chr19,-,7745517,7746087,14,0,5,0,0,0.737,1.000,0.737,CD209
chr19,+,7788795,7788900,8,0,4,0,0,0.667,1.000,0.667,onlyEST
chr19,+,10107803,10107854,156,0,4,0,0,0.975,1.000,0.975,"PPAN,PPAN-P2RY11"
chr19,+,11363712,11363819,21,0,10,0,0,0.677,1.000,0.677,PLPPR2
chr19,+,11437875,11437971,1837,0,11,0,0,0.994,1.000,0.994,PRKCSH
chr19,-,12147679,12147802,7,0,5,0,0,0.583,1.000,0.583,"ZNF625-ZNF20,ZNF625"
chr19,+,12669976,12670097,43,0,5,0,0,0.896,1.000,0.896,WDR83
chr19,-,12774668,12774741,41,0,8,0,0,0.837,1.000,0.837,HOOK2
chr19,-,13112895,13113011,50,0,7,0,0,0.877,1.000,0.877,TRMT1
chr19,-,13144763,13144870,72,0,6,0,0,0.923,1.000,0.923,STX10
chr19,-,14527686,14527810,29,0,12,0,0,0.707,1.000,0.707,DNAJB1
chr19,+,14565617,14565663,138,0,6,0,0,0.958,1.000,0.958,TECR
chr19,-,15403657,15403715,154,0,10,0,0,0.939,1.000,0.939,AKAP8L
chr19,+,16209029,16209177,145,0,14,0,0,0.912,1.000,0.912,AP1M1
chr19,+,17862093,17862223,2459,0,17,0,0,0.993,1.000,0.993,RPL18A
chr19,+,17862917,17863027,2285,0,12,0,0,0.995,1.000,0.995,RPL18A
chr19,-,18899872,18899947,106,0,4,0,0,0.964,1.000,0.964,COPE
chr19,+,19347279,19347363,8,0,8,0,0,0.500,1.000,0.500,MAU2
chr19,+,19527700,19527770,340,0,11,0,0,0.969,1.000,0.969,"NDUFA13,CTC-260F20.3"
chr19,-,19570585,19570833,10,0,6,0,0,0.625,1.000,0.625,PBX4
chr19,-,19642534,19642619,33,0,7,0,0,0.825,1.000,0.825,GMIP
chr19,-,35131790,35131860,18,0,11,0,0,0.621,1.000,0.621,LGI4
chr19,-,35498715,35498763,90,0,10,0,0,0.900,1.000,0.900,DMKN
chr19,+,35871611,35871745,95,0,7,0,0,0.931,1.000,0.931,APLP1
chr19,-,36114176,36114251,125,0,4,0,0,0.969,1.000,0.969,POLR2I
chr19,-,38252305,38252338,44,0,4,0,0,0.917,1.000,0.917,PPP1R14A
chr19,+,38287875,38287935,436,0,5,0,0,0.989,1.000,0.989,SPINT2
chr19,+,38376159,38376232,423,0,4,0,0,0.991,1.000,0.991,PSMD8
chr19,-,38880820,38880897,78,0,4,0,0,0.951,1.000,0.951,SIRT2
chr19,-,39433521,39433569,1995,0,6,0,0,0.997,1.000,0.997,RPS16
chr19,-,39834667,39834813,193,0,11,0,0,0.946,1.000,0.946,FBL
chr19,+,41878989,41879289,141,0,23,0,0,0.860,1.000,0.860,CD79A
chr19,-,41958735,41958948,220,0,5,0,0,0.978,1.000,0.978,RABAC1
chr19,-,42215132,42215252,111,0,9,0,0,0.925,1.000,0.925,DEDD2
chr19,+,42294172,42294304,23,0,8,0,0,0.742,1.000,0.742,CIC
chr19,-,42299969,42300092,84,0,5,0,0,0.944,1.000,0.944,PAFAH1B3
chr19,-,43769441,43769560,25,0,4,0,0,0.862,1.000,0.862,KCNN4
chr19,-,44298807,44298903,17,0,9,0,0,0.654,1.000,0.654,ZNF235
chr19,+,45057749,45057898,37,0,4,0,0,0.902,1.000,0.902,CLASRP
chr19,+,45068014,45068054,10,0,9,0,0,0.526,1.000,0.526,CLASRP
chr19,-,45777326,45777590,12,0,12,0,0,0.500,1.000,0.500,DMPK
chr19,+,47780863,47780917,452,0,6,0,0,0.987,1.000,0.987,SEPW1
chr19,-,48320771,48320811,8,0,7,0,0,0.533,1.000,0.533,CCDC114
chr19,+,49009775,49009882,386,0,5,0,0,0.987,1.000,0.987,RUVBL2
chr19,+,49335713,49335786,246,0,36,0,0,0.872,1.000,0.872,CD37
chr19,+,49489849,49489922,1028,0,23,0,0,0.978,1.000,0.978,RPL13A
chr19,+,49490778,49490864,4733,0,5,0,0,0.999,1.000,0.999,RPL13A
chr19,+,49666684,49667161,4,0,4,0,0,0.500,1.000,0.500,BCL2L12
chr19,+,49818570,49818616,81,0,4,0,0,0.953,1.000,0.953,MED25
chr19,+,50858028,50858315,262,0,11,0,0,0.960,1.000,0.960,KLK3
chr19,-,51387268,51387449,18,0,10,0,0,0.643,1.000,0.643,LIM2
chr19,-,51896851,51896978,81,0,4,0,0,0.953,1.000,0.953,ZNF649
chr19,+,52374298,52374427,46,0,7,0,0,0.868,1.000,0.868,ZNF880
chr19,-,52980891,52980972,37,0,4,0,0,0.902,1.000,0.902,CTD-2620I22.1
chr19,+,54419127,54419306,162,0,5,0,0,0.970,1.000,0.970,TTYH1
chr19,-,56823589,56823679,24,0,4,0,0,0.857,1.000,0.857,"PEG3,ZIM2"
chr19,-,58001288,58001370,44,0,5,0,0,0.898,1.000,0.898,ZNF606
chr19,-,58369716,58369928,8,0,6,0,0,0.571,1.000,0.571,ZNF837
chr20,-,1479993,1480065,11,0,5,0,0,0.688,1.000,0.688,SIRPB2
chr20,+,2655933,2656034,68,0,5,0,0,0.932,1.000,0.932,NOP56
chr20,+,3800461,3800498,134,0,4,0,0,0.971,1.000,0.971,CDC25B
chr20,+,3907925,3908135,23,0,17,0,0,0.575,1.000,0.575,PANK2
chr20,+,4699210,4699380,4,0,5,0,0,0.444,1.000,0.444,PRNP
chr20,+,9515452,9515625,15,0,4,0,0,0.789,1.000,0.789,LAMP5
chr20,+,21205490,21205584,21,0,7,0,0,0.750,1.000,0.750,KIZ
chr20,-,25144278,25144423,7,0,4,0,0,0.636,1.000,0.636,RP4-738P15.1
chr20,-,25339226,25339351,158,0,4,0,0,0.975,1.000,0.975,ABHD12
chr20,+,33757147,33757343,8,0,5,0,0,0.615,1.000,0.615,ZNF341
chr20,-,34295394,34295585,910,0,4,0,0,0.996,1.000,0.996,AHCY
chr20,-,34936762,34936840,94,0,8,0,0,0.922,1.000,0.922,GSS
chr20,-,35279941,35280118,482,0,7,0,0,0.986,1.000,0.986,EIF6
chr20,+,44428334,44428487,8,0,4,0,0,0.667,1.000,0.667,HNF4A
chr20,-,44512800,44512994,698,0,4,0,0,0.994,1.000,0.994,SERINC3
chr20,+,45408800,45408938,178,0,11,0,0,0.942,1.000,0.942,"DBNDD2,SYS1-DBNDD2"
chr20,+,45834958,45835116,35,0,20,0,0,0.636,1.000,0.636,SNX21
chr20,-,45844262,45844420,41,0,5,0,0,0.891,1.000,0.891,ACOT8
chr20,+,45937417,45937585,107,0,6,0,0,0.947,1.000,0.947,PCIF1
chr20,+,47004941,47005084,13,0,7,0,0,0.650,1.000,0.650,EYA2
chr20,+,47649004,47649109,14,0,12,0,0,0.538,1.000,0.538,NCOA3
chr20,+,58652072,58652087,10,0,5,0,0,0.667,1.000,0.667,STX16
chr20,+,58691723,58691830,8,0,5,0,0,0.615,1.000,0.615,NPEPL1
chr20,+,58909349,58909423,977,0,4,0,0,0.996,1.000,0.996,GNAS
chr20,+,58909950,58910081,627,0,5,0,0,0.992,1.000,0.992,GNAS
chr20,+,58993623,58993764,45,0,5,0,0,0.900,1.000,0.900,NELFCD
chr20,+,58994109,58994239,50,0,4,0,0,0.926,1.000,0.926,NELFCD
chr20,-,63643755,63643931,807,0,8,0,0,0.990,1.000,0.990,STMN3
chr20,+,63695327,63695480,10,0,8,0,0,0.556,1.000,0.556,"RTEL1,RTEL1-TNFRSF6B"
chr20,-,63941109,63941208,21,0,4,0,0,0.840,1.000,0.840,UCKL1
chr21,-,5124755,5124875,202,0,7,0,0,0.967,1.000,0.967,"CH507-9B2.3,CH507-9B2.4"
chr21,+,38122311,38122411,18,0,5,0,0,0.783,1.000,0.783,DSCR8
chr21,+,41241818,41241947,57,0,6,0,0,0.905,1.000,0.905,BACE2
chr21,+,42287888,42288037,19,0,11,0,0,0.633,1.000,0.633,ABCG1
chr21,-,42873550,42873691,71,0,14,0,0,0.835,1.000,0.835,WDR4
chr21,-,43094654,43094788,140,0,4,0,0,0.972,1.000,0.972,U2AF1
chr21,+,44137176,44137296,205,0,7,0,0,0.967,1.000,0.967,C21orf33
chr21,+,44943683,44943837,28,0,18,0,0,0.609,1.000,0.609,FAM207A
chr21,+,45222017,45222107,7,0,7,0,0,0.500,1.000,0.500,ADARB1
chr22,+,19719601,19719698,183,0,9,0,0,0.953,1.000,0.953,SEPT5
chr22,+,20036759,20036854,52,0,9,0,0,0.852,1.000,0.852,TANGO2
chr22,+,21468943,21469062,11,0,4,0,0,0.733,1.000,0.733,TMEM191C
chr22,-,21476001,21476160,9,0,5,0,0,0.643,1.000,0.643,onlyEST
chr22,+,23791755,23791867,98,0,86,0,0,0.533,1.000,0.533,SMARCB1
chr22,+,23982870,23983044,38,0,6,0,0,0.864,1.000,0.864,GSTT2
chr22,+,28744614,28744704,31,0,9,0,0,0.775,1.000,0.775,HSCB
chr22,+,29292487,29292606,156,0,5,0,0,0.969,1.000,0.969,EWSR1
chr22,+,31400619,31400743,268,0,12,0,0,0.957,1.000,0.957,DRG1
chr22,-,31937915,31938115,5,0,5,0,0,0.500,1.000,0.500,C22orf24
chr22,+,33727490,33727632,9,0,4,0,0,0.692,1.000,0.692,LARGE-AS1
chr22,+,35346929,35346969,41,0,5,0,0,0.891,1.000,0.891,TOM1
chr22,+,37616921,37616997,229,0,17,0,0,0.931,1.000,0.931,GGA1
chr22,+,37956772,37956842,209,0,5,0,0,0.977,1.000,0.977,POLR2F
chr22,-,38487872,38488115,7,0,7,0,0,0.500,1.000,0.500,DDX17
chr22,-,39314685,39314846,1167,0,6,0,0,0.995,1.000,0.995,RPL3
chr22,+,40285644,40285770,15,0,6,0,0,0.714,1.000,0.714,TNRC6B
chr22,-,42141533,42141675,23,0,5,0,0,0.821,1.000,0.821,CYP2D7
chr22,-,42817136,42817264,47,0,25,0,0,0.653,1.000,0.653,ARFGAP3
chr22,+,43973235,43973323,126,0,11,0,0,0.920,1.000,0.920,SAMM50
chr22,-,50288959,50289142,11,0,5,0,0,0.688,1.000,0.688,PLXNB2
chr22,-,50506284,50506502,42,0,4,0,0,0.913,1.000,0.913,LMF2
chr22,-,50577323,50577463,103,0,8,0,0,0.928,1.000,0.928,"CHKB-CPT1B,CPT1B"
chrX,+,12799206,12799390,124,0,22,0,0,0.849,1.000,0.849,PRPS2
chrX,-,15248682,15248935,11,0,8,0,0,0.579,1.000,0.579,ASB9
chrX,+,46463197,46463308,20,0,17,0,0,0.541,1.000,0.541,KRBOX4
chrX,-,46528349,46528445,9,0,6,0,0,0.600,1.000,0.600,ZNF674
chrX,-,47142613,47142744,125,0,40,0,0,0.758,1.000,0.758,NDUFB11
chrX,+,48688053,48688096,27,0,5,0,0,0.844,1.000,0.844,WAS
chrX,-,48934710,48934867,55,0,7,0,0,0.887,1.000,0.887,OTUD5
chrX,+,49062234,49062325,51,0,5,0,0,0.911,1.000,0.911,CCDC120
chrX,-,49183733,49183917,47,0,4,0,0,0.922,1.000,0.922,PRICKLE3
chrX,+,49243117,49243184,39,0,4,0,0,0.907,1.000,0.907,CCDC22
chrX,+,51897546,51897626,145,0,4,0,0,0.973,1.000,0.973,MAGED1
chrX,-,53193781,53193851,35,0,11,0,0,0.761,1.000,0.761,KDM5C
chrX,-,53431987,53432116,183,0,8,0,0,0.958,1.000,0.958,HSD17B10
chrX,-,55159128,55159228,36,0,13,0,0,0.735,1.000,0.735,FAM104B
chrX,-,66602632,66602797,14,0,8,0,0,0.636,1.000,0.636,EDA2R
chrX,+,70269661,70269692,14,0,4,0,0,0.778,1.000,0.778,ARR3
chrX,+,71137186,71137383,13,0,7,0,0,0.650,1.000,0.650,MED12
chrX,+,71454740,71454857,13,0,5,0,0,0.722,1.000,0.722,TAF1
chrX,+,86812855,86813004,16,0,5,0,0,0.762,1.000,0.762,DACH2
chrX,+,102720956,102721027,17,0,14,0,0,0.548,1.000,0.548,BHLHB9
chrX,+,103629493,103629561,28,0,5,0,0,0.848,1.000,0.848,TCEAL1
chrX,+,104188039,104188306,10,0,4,0,0,0.714,1.000,0.714,FAM199X
chrX,+,106171011,106171133,13,0,6,0,0,0.684,1.000,0.684,MUM1L1
chrX,+,106637759,106637924,8,0,4,0,0,0.667,1.000,0.667,CXorf57
chrX,+,107917505,107917649,15,0,8,0,0,0.652,1.000,0.652,MID2
chrX,-,108087685,108087852,147,0,23,0,0,0.865,1.000,0.865,PSMD10
chrX,+,114848002,114848203,11,0,4,0,0,0.733,1.000,0.733,HTR2C
chrX,-,119541327,119541420,46,0,8,0,0,0.852,1.000,0.852,CXorf56
chrX,+,120608224,120608358,96,0,4,0,0,0.960,1.000,0.960,MCTS1
chrX,+,135577192,135577427,7,0,4,0,0,0.636,1.000,0.636,DDX26B
chrX,+,135994785,135994985,46,0,5,0,0,0.902,1.000,0.902,SLC9A6
chrX,+,148843381,148843415,10,0,5,0,0,0.667,1.000,0.667,AFF2
chrX,+,149542018,149542066,63,0,17,0,0,0.787,1.000,0.787,CXorf40A
chrX,-,149937432,149937480,92,0,8,0,0,0.920,1.000,0.920,CXorf40B
chrX,-,153933942,153934001,149,0,4,0,0,0.974,1.000,0.974,"NAA10,ARHGAP4"
chrX,+,154413206,154413252,69,0,11,0,0,0.863,1.000,0.863,TAZ
chrX,-,154478282,154478411,66,0,6,0,0,0.917,1.000,0.917,LAGE3